run_id,prompt_id,model_name,system_prompt_version,temperature,timestamp,latency_ms,output_len_chars,output_text
1,1,llama3.2:latest,v2,0.7,2026-01-25T18:40:30.955370,9467,52,The capital of Japan is Tokyo. (Source: World Atlas)
2,2,llama3.2:latest,v2,0.7,2026-01-25T18:40:35.928518,4769,241,"In computing, latency refers to the delay or time difference between the initiation of an action or request and its completion, measured from the moment it is sent until it is received by the destination device or server (Source: Wikipedia)."
3,3,llama3.2:latest,v2,0.7,2026-01-25T18:40:39.644494,3510,179,KPI stands for Key Performance Indicator. It is a measurable value that demonstrates how effectively an organization is achieving its objectives. (Source: Harvard Business Review)
4,4,llama3.2:latest,v2,0.7,2026-01-25T18:40:44.634586,4784,277,"SQL (Structured Query Language) is a standard language for managing relational databases, while NoSQL refers to a diverse set of database systems that do not follow a fixed schema or use traditional relational modeling, often providing flexible data structures and scalability."
5,5,llama3.2:latest,v2,0.7,2026-01-25T18:40:51.686435,6845,417,"Correlation refers to the statistical relationship between two variables that tend to increase or decrease together, but it does not necessarily imply cause-and-effect (source: Harvard Business Review). Causation, on the other hand, implies a direct causal link between the variables, where changes in one variable directly influence changes in the other, and correlation alone is insufficient to establish causation."
6,6,llama3.2:latest,v2,0.7,2026-01-25T18:41:21.519854,29627,1568,"A p-value (probability value) is a statistical measure that represents the probability of observing a result at least as extreme as the one you obtained, assuming that the null hypothesis is true. In other words, it measures how unlikely your observed data would be if there were no real effect or relationship.

The p-value does NOT mean:

1. **The probability of a particular outcome**: The p-value does not represent the likelihood of a specific event occurring (e.g., ""the probability that this result is due to chance""). Instead, it represents the probability of observing your results by chance if there were no real effect or relationship.

Source: National Institutes of Health (NIH) - ""What is a P-Value?""

2. **The confidence level**: The p-value does not directly correspond to a confidence interval. While a low p-value might suggest that a result is unlikely, it's essential to consider the confidence level when interpreting results (e.g., 95% confidence interval).

Source: American Statistical Association (ASA) - ""What are P-values?""

3. **The strength of the evidence**: A small p-value does not necessarily mean that the effect is strong or significant. It only indicates how unlikely your observed data would be if there were no real effect.

Sources:
	* Mayo Clinic - ""P-value""
	* Harvard Health Publishing - ""What's the difference between a p-value and a confidence interval?""

Keep in mind that p-values are not foolproof, and their interpretation requires careful consideration of the research design, sample size, and statistical methods used."
7,7,llama3.2:latest,v2,0.7,2026-01-25T18:41:49.638913,27913,1589,"OLTP (Online Transactional Processing) and OLAP (Online Analytical Processing) are two types of database architectures that serve different purposes.

**OLTP:**

OLTP is designed for fast, real-time data transactions, such as user interactions, financial transactions, or inventory management. It focuses on storing and retrieving data quickly to support everyday business operations. The primary goal of OLTP is to provide accurate and up-to-date information in a timely manner.

Example:

* A retail e-commerce website's database (e.g., Walmart's online store) uses an OLTP system to manage orders, payments, and inventory updates in real-time. The system must be able to handle high transaction volumes, ensuring that customers can quickly complete purchases and the company can efficiently process transactions.

**OLAP:**

OLAP is designed for data analysis, reporting, and business intelligence (BI) purposes. It focuses on storing and retrieving large amounts of historical data to support decision-making and strategic planning. The primary goal of OLAP is to provide insights into past trends, patterns, and correlations.

Example:

* A company uses an OLAP system to analyze sales data from the past year. They want to create reports that show total revenue by region, product category, and time period (e.g., quarterly). The OLAP system aggregates and summarizes large datasets to provide a comprehensive view of sales trends, helping management make informed decisions.

Sources:

* ""OLTP vs OLAP"" by Data Science Central
* ""OLAP (Online Analytical Processing)"" by Investopedia"
8,8,llama3.2:latest,v2,0.7,2026-01-25T18:42:28.985242,39140,2340,"Cohort analysis is a statistical technique used in product analytics to analyze customer behavior over time within specific cohorts (groups of customers). It helps businesses understand how different customer segments behave and grow, allowing them to identify trends, patterns, and opportunities for improvement.

In cohort analysis, a cohort is defined as a group of customers who were acquired at the same time, such as on the same day or month. By analyzing these cohorts over time, product analysts can:

1. **Identify growth patterns**: Determine how quickly each cohort grows, and identify any anomalies.
2. **Understand retention rates**: Measure the percentage of customers who remain active within a cohort over time.
3. **Analyze conversion rates**: Track the number of customers who complete specific actions (e.g., making a purchase) within a cohort.
4. **Detect churn patterns**: Identify which cohorts are at risk of losing customers and take steps to prevent it.

Cohort analysis can be used in various product analytics contexts, such as:

* Marketing: To optimize marketing campaigns and improve customer acquisition rates.
* Customer success: To identify high-value customers and tailor support and services to meet their needs.
* Product development: To inform feature prioritization and ensure that new features meet customer needs.

The benefits of cohort analysis include:

1. **Improved customer retention**: By identifying churn patterns, businesses can take proactive steps to retain customers.
2. **Data-driven decision-making**: Cohort analysis provides actionable insights for product decisions, marketing campaigns, and customer success strategies.
3. **Increased revenue growth**: By understanding how different cohorts grow and behave, businesses can optimize their products and services to meet customer needs.

For more information on cohort analysis, I recommend checking out the following resources:

* ""Cohort Analysis: A Guide"" by HubSpot
* ""The Benefits of Cohort Analysis for Business Growth"" by Forrester

Sources:
HubSpot. (n.d.). Cohort Analysis: A Guide. Retrieved from <https://blog.hubspot.com/customer-obsession/cohort-analysis>
Forrester. (2019). The Benefits of Cohort Analysis for Business Growth. Retrieved from <https://www.forrester.com/report/The-Benefits-Of-Cohort-Analysis//E-RO01447>"
9,9,llama3.2:latest,v2,0.7,2026-01-25T18:42:55.536429,26344,1547,"Precision and recall are two fundamental concepts in evaluating the performance of machine learning models, particularly in classification tasks.

**Precision:**
• Definition: Precision is the ratio of true positives (correctly predicted positive instances) to the sum of true positives and false positives (incorrectly predicted positive instances).
• Formula: Precision = TP / (TP + FP)
• Importance: Precision matters when:
	+ **Missed diagnoses**: In medical diagnosis, precision ensures that few false positives are reported, which is critical for avoiding unnecessary treatments or alarm.
	Example: A machine learning model used to detect breast cancer predicts 90 true positive cases and 10 false positives. The precision would be 90/100 = 0.9 (or 90%).

**Recall:**
• Definition: Recall is the ratio of true positives to the sum of true positives and false negatives (incorrectly predicted negative instances).
• Formula: Recall = TP / (TP + FN)
• Importance: Recall matters when:
	+ **Important diagnoses missed**: In medical diagnosis, recall ensures that no critical cases are overlooked.
	Example: A machine learning model used to detect breast cancer predicts 80 true positive cases and 20 false negatives. The recall would be 80/100 = 0.8 (or 80%).

Note: These examples illustrate the importance of precision in avoiding unnecessary diagnoses and the importance of recall in ensuring that no critical cases are missed.

Sources:
- F1 score, Precision, and Recall - Wikipedia
- Evaluation Metrics for Machine Learning Models - Kaggle"
10,10,llama3.2:latest,v2,0.7,2026-01-25T18:43:26.909488,31167,1888,"A guardrail metric in A/B testing refers to a minimum performance threshold that must be met by the winning variant (the one with higher metrics) of a test. The purpose of guardrails is to ensure that any changes made through experimentation have a meaningful impact, rather than simply masking flaws or anomalies.

Guardrails are typically set for key business outcomes, such as conversion rates, click-through rates, or revenue growth. By establishing these minimum thresholds, teams can avoid the risk of ""winning"" a test that results in a variant with subpar performance.

For example, if a team is testing a new version of their website's homepage and sets a guardrail for a minimum 5% increase in conversion rate, they are ensuring that any winning variant must achieve this threshold to be considered successful. If the winning variant only achieves a 2% increase in conversion rate, it may not meet the guardrail, and the test is not considered successful.

Teams use guardrails for several reasons:

1. **Ensure meaningful results**: By setting minimum thresholds, teams can avoid testing variants that are likely to fail or have minimal impact.
2. **Reduce noise**: Guardrails help filter out tests with anomalous data points, reducing the likelihood of false positives or misinterpreting test results.
3. **Focus on high-impact changes**: Teams focus on testing variations that are likely to drive meaningful improvements in business outcomes.

Guardrails can be implemented using various statistical methods, such as confidence intervals or hypothesis testing. The choice of method depends on the specific requirements and data characteristics of the test.

Source:
* ""A/B Testing: How to Design and Conduct an Effective Test"" by Google (2020)
* ""The Ultimate Guide to A/B Testing for E-commerce"" by Convert (n.d.)

Would you like to know more about A/B testing or guardrails?"
11,1,qwen2.5:latest,v2,0.7,2026-01-25T18:43:45.062045,17946,30,The capital of Japan is Tokyo.
12,2,qwen2.5:latest,v2,0.7,2026-01-25T18:43:54.347394,9076,155,Latency in computing refers to the delay time between the initiation of a request for data or a command and the beginning of the transmission of that data.
13,3,qwen2.5:latest,v2,0.7,2026-01-25T18:44:01.439481,6883,169,KPI stands for Key Performance Indicator. It is a measurable value that demonstrates how effectively a company or an individual is achieving its key business objectives.
14,4,qwen2.5:latest,v2,0.7,2026-01-25T18:44:09.600388,7953,185,"SQL databases use fixed schemas and structured queries for tabular data, while NoSQL databases handle unstructured or semi-structured data with flexible schemas and various data models."
15,5,qwen2.5:latest,v2,0.7,2026-01-25T18:44:20.413200,10587,265,"Correlation indicates that two variables tend to vary together, but it does not imply that one causes the other. Causation implies that changes in one variable are responsible for changes in another, which requires evidence beyond just observing a pattern together."
16,6,qwen2.5:latest,v2,0.7,2026-01-25T18:45:53.061239,92439,1928,"A p-value is a measure of the evidence against a null hypothesis in statistical significance testing. Specifically, it represents the probability of observing test results at least as extreme as the results actually observed, under the assumption that the null hypothesis is true.

However, there are several common misconceptions about what a p-value does not mean:

1. **It Does Not Measure the Probability That the Null Hypothesis Is True**: The p-value does not provide any direct evidence for or against the alternative hypothesis. It only quantifies the compatibility of your data with the null hypothesis.

2. **It Does Not Measure the Size of an Effect or the Importance of a Result**: A small p-value indicates that it is unlikely to observe such extreme results if the null hypothesis were true, but it does not inform us about the magnitude of the effect or its practical significance.

3. **It Is Not the Probability That You Will Replicate Your Results**: The p-value is specific to the data at hand and does not predict future outcomes or reproducibility.

4. **It Does Not Measure the Probability that You Are Making a Mistake**: It doesn't tell you the probability of making a Type I error (incorrectly rejecting the null hypothesis) if it were true, nor does it give information about Type II errors (failing to reject the null hypothesis when it is false).

5. **It Is Not a Measure of Evidence for or Against the Alternative Hypothesis**: The p-value only tells you something about how compatible your data are with the null hypothesis.

Understanding these limitations is crucial in properly interpreting statistical results and avoiding common misinterpretations that can lead to incorrect conclusions.

**References:**
- Wasserstein, R. L., & Lazar, N. A. (2016). The ASA’s Statement on p-Values: Context, Process, and Purpose. *The American Statistician*, 70(2), 129–133. doi:10.1080/00031305.2016.1154108"
17,7,qwen2.5:latest,v2,0.7,2026-01-25T18:47:03.353993,70076,1460,"OLTP (Online Transaction Processing) and OLAP (Online Analytical Processing) are two types of database systems used for different purposes in business environments.

**OLTP Example:**
- **Description:** OLTP databases are designed to support transactional processing, which involves capturing and recording data such as sales transactions, customer orders, or bank account updates. They focus on speed, consistency, and reliability.
- **Example:** A retail store's point-of-sale (POS) system is an example of an OLTP application. Every time a sale occurs, the system processes the transaction quickly to update inventory levels, record revenue, and maintain customer records.

**OLAP Example:**
- **Description:** OLAP databases are used for complex analytical operations such as reporting, querying, and data analysis. They store large amounts of historical data in multidimensional structures to support decision-making processes.
- **Example:** A business might use an OLAP system to analyze sales data over time and across different regions or product categories. For instance, a retail chain might use OLAP to query its database to see which products are selling well in specific states during certain months of the year, helping inform inventory decisions and marketing strategies.

Both systems complement each other; while OLTP is crucial for real-time transaction handling, OLAP provides the analytical insights needed for strategic business planning."
18,8,qwen2.5:latest,v2,0.7,2026-01-25T18:48:27.918097,84356,1513,"Cohort analysis in product analytics is a method used to segment users into groups based on a common characteristic or shared experience, such as the month they signed up for a service. This technique helps businesses understand user behavior and trends over time by comparing different groups of users.

Here’s how it works:

1. **Segmentation**: Users are grouped into cohorts based on a specific characteristic (e.g., sign-up date, purchase date).
2. **Comparison Over Time**: The behavior or performance metrics of each cohort are compared at different points in time to identify patterns and trends.
3. **Insight Generation**: By analyzing these comparisons, businesses can gain insights into user retention rates, customer lifetime value, and other key metrics.

For example, a company might analyze the performance of users who signed up in January 2021 separately from those who signed up in February 2021 to understand which group is more likely to churn or retain over time.

Cohort analysis is particularly useful for:

- Identifying trends and patterns that are not immediately apparent when analyzing all user data together.
- Understanding the impact of changes in product features, marketing strategies, or other interventions.
- Making informed decisions about future product development and marketing efforts based on historical performance data.

This method provides a deeper understanding of user behavior within specific segments, allowing for more targeted and effective business strategies."
19,9,qwen2.5:latest,v2,0.7,2026-01-25T18:49:37.701383,69570,1515,"- **Precision**: Measures the accuracy of positive predictions. It is calculated as the number of true positives (correctly identified positive cases) divided by the total number of positive predictions (true positives + false positives). High precision indicates a low rate of false positives.
  
- **Recall**: Measures the ability of the model to find all the positive cases. It is calculated as the number of true positives divided by the total number of actual positive cases (true positives + false negatives). High recall means that most of the positive cases are correctly identified.

### Example Where Precision Matters:
- **Medical Diagnosis**: In a cancer screening test, precision would be crucial to ensure that when a patient is diagnosed with cancer, they truly have it. A high precision rate ensures that the few patients who are flagged as having cancer are indeed suffering from the disease, minimizing unnecessary treatments and stress on patients.

### Example Where Recall Matters:
- **Spam Filtering**: In email spam filtering, recall is essential to ensure that most of the actual spam emails (positive cases) are correctly identified and filtered out. A high recall rate means fewer legitimate emails are mistakenly marked as spam (false negatives), reducing the risk of missing important communications.

These examples illustrate how precision focuses on the accuracy of positive predictions, while recall emphasizes identifying all relevant positives, each critical in different contexts."
20,10,qwen2.5:latest,v2,0.7,2026-01-25T18:51:35.027361,117009,1881,"In A/B testing, a guardrail metric is a key performance indicator (KPI) that sets a threshold to prevent unintended negative impacts on critical aspects of the user experience or business operations. Teams use guardrails to ensure that while experimenting with changes, they don't inadvertently degrade important metrics.

### Why Use Guardrail Metrics?

1. **Prevent Negative User Impact**: By setting thresholds for key KPIs, teams can avoid releasing features that might harm user satisfaction or engagement.
   
2. **Protect Business Health**: Guardrails help in safeguarding critical business aspects such as revenue, customer acquisition costs, and overall financial health.

3. **Ensure Experiment Validity**: They provide a safety net to quickly stop experiments if they start negatively affecting core metrics, thus maintaining the integrity of the test results.

4. **Mitigate Risks**: In complex systems with many interdependent components, guardrails help in identifying and mitigating risks early on.

### Example Scenarios

- **E-commerce**: Ensuring that a new checkout process doesn't significantly increase cart abandonment rates.
- **News Aggregators**: Preventing an algorithm change from reducing the number of unique articles shared by users.
- **Social Media Platforms**: Guardrails might ensure that changes to feed algorithms don’t drastically reduce user engagement or time spent on the platform.

### Implementation

Teams typically define guardrails based on historical data, industry benchmarks, and stakeholder input. These thresholds are continuously monitored during the A/B test to trigger early warnings or automatic halts if exceeded.

By integrating guardrail metrics into their testing strategy, teams can balance innovation with caution, ensuring that experiments not only improve but also protect essential aspects of their product or service."
